signal,mean,rms,max
raw,0.14709090909090913,0.1535341241311757,0.23
filtered,0.14498322722237672,0.1453307065009522,0.16864608849975177
