window_start_s,window_end_s,rms
0.0,0.19,0.13522548146863386
0.2,0.39,0.1487792877603697
